Question Name,Difficulty
Construct Quad Tree,Medium
Convert Sorted Array to Binary Search Tree,Easy
Best Time to Buy and Sell Stock II,Medium
Construct Binary Tree from Inorder and Postorder Traversal,Medium
Maximum Subarray,Medium
Linked List Cycle,Easy
Design Add and Search Words Data Structure,Medium
Word Pattern,Easy
Find Peak Element,Medium
Partition List,Medium
Zigzag Conversion,Medium
Two Sum II - Input Array Is Sorted,Medium
Container With Most Water,Medium
Minimum Path Sum,Medium
Jump Game II,Medium
Add Binary,Easy
Gas Station,Medium
Count Complete Tree Nodes,Easy
Trapping Rain Water,Hard
Merge k Sorted Lists,Hard
Remove Duplicates from Sorted List II,Medium
Edit Distance,Medium
Insert Delete GetRandom O(1),Medium
Invert Binary Tree,Easy
Candy,Hard
Populating Next Right Pointers in Each Node II,Medium
Ransom Note,Easy
Copy List with Random Pointer,Medium
Min Stack,Medium
Bitwise AND of Numbers Range,Medium
Find the Index of the First Occurrence in a String,Easy
Single Number II,Medium
Search a 2D Matrix,Medium
Search Insert Position,Easy
Longest Consecutive Sequence,Medium
Same Tree,Easy
Rotate List,Medium
Merge Two Sorted Lists,Easy
Majority Element,Easy
Group Anagrams,Medium
Best Time to Buy and Sell Stock III,Hard
Binary Search Tree Iterator,Medium
Basic Calculator,Hard
Surrounded Regions,Medium
Snakes and Ladders,Medium
Two Sum,Easy
Happy Number,Easy
Minimum Window Substring,Hard
Sqrt(x),Easy
Maximum Depth of Binary Tree,Easy
Add Two Numbers,Medium
N-Queens II,Hard
Remove Duplicates from Sorted Array,Easy
Number of 1 Bits,Easy
Game of Life,Medium
Sum Root to Leaf Numbers,Medium
Minimum Absolute Difference in BST,Easy
Binary Tree Right Side View,Medium
Reverse Nodes in k-Group,Hard
Kth Largest Element in an Array,Medium
Triangle,Medium
Isomorphic Strings,Easy
Valid Palindrome,Easy
Number of Islands,Medium
Substring with Concatenation of All Words,Hard
Minimum Genetic Mutation,Medium
Factorial Trailing Zeroes,Medium
Course Schedule II,Medium
Valid Parentheses,Easy
LRU Cache,Medium
Is Subsequence,Easy
Rotate Array,Medium
Insert Interval,Medium
Integer to Roman,Medium
Binary Tree Maximum Path Sum,Hard
Permutations,Medium
IPO,Hard
Contains Duplicate II,Easy
Average of Levels in Binary Tree,Easy
Rotate Image,Medium
Longest Palindromic Substring,Medium
Binary Tree Zigzag Level Order Traversal,Medium
Length of Last Word,Easy
Lowest Common Ancestor of a Binary Tree,Medium
Validate Binary Search Tree,Medium
Word Ladder,Hard
Word Break,Medium
Construct Binary Tree from Preorder and Inorder Traversal,Medium
Reverse Bits,Easy
Kth Smallest Element in a BST,Medium
Symmetric Tree,Easy
Plus One,Easy
Climbing Stairs,Easy
Remove Element,Easy
Find K Pairs with Smallest Sums,Medium
Remove Nth Node From End of List,Medium
Word Search,Medium
House Robber,Medium
Summary Ranges,Easy
Text Justification,Hard
Find First and Last Position of Element in Sorted Array,Medium
Simplify Path,Medium
Single Number,Easy
Combination Sum,Medium
Reverse Linked List II,Medium
H-Index,Medium
Reverse Words in a String,Medium
Longest Substring Without Repeating Characters,Medium
Find Minimum in Rotated Sorted Array,Medium
Flatten Binary Tree to Linked List,Medium
Minimum Number of Arrows to Burst Balloons,Medium
Word Search II,Hard
3Sum,Medium
Find Median from Data Stream,Hard
Jump Game,Medium
Maximum Sum Circular Subarray,Medium
Letter Combinations of a Phone Number,Medium
Merge Sorted Array,Easy
Path Sum,Easy
Product of Array Except Self,Medium
"Pow(x, n)",Medium
Spiral Matrix,Medium
Best Time to Buy and Sell Stock IV,Hard
Search in Rotated Sorted Array,Medium
Unique Paths II,Medium
Palindrome Number,Easy
Merge Intervals,Medium
Clone Graph,Medium
Roman to Integer,Easy
Set Matrix Zeroes,Medium
Valid Sudoku,Medium
Max Points on a Line,Hard
Sort List,Medium
Evaluate Division,Medium
Minimum Size Subarray Sum,Medium
Course Schedule,Medium
Evaluate Reverse Polish Notation,Medium
Valid Anagram,Easy
Coin Change,Medium
Interleaving String,Medium
Combinations,Medium
Best Time to Buy and Sell Stock,Easy
Binary Tree Level Order Traversal,Medium
Longest Increasing Subsequence,Medium
Remove Duplicates from Sorted Array II,Medium
Median of Two Sorted Arrays,Hard
Generate Parentheses,Medium
Implement Trie (Prefix Tree),Medium
Longest Common Prefix,Easy
